Braco,Taxa_recorte_gradiente,Epocas_medias,Pico_parada_bruto,Pico_parada_suave,Abaixo_do_limiar
Caduceus + Comprimento (Projeção → Média → MLP),0.0007732112056147029,22.6,0.7452651515151516,0.7,6
4-mers + Comprimento (Projeção → Média → MLP),0.008540372670807454,25.12,0.768939393939394,0.7512626262626263,4
Caduceus + Comprimento (Projeção → Atenção MIL),0.010241839566538919,19.16,0.7604166666666667,0.7471590909090909,3
4-mers + Comprimento (Projeção → Atenção MIL),0.027147401908801695,17.44,0.7784090909090908,0.7439393939393939,3
Somente Comprimento (Atenção MIL) [controle nulo],0.011749482401656314,25.52,0.7301136363636362,0.7284090909090908,1
Caduceus + Comprimento (Média → MLP),0.0,57.12,0.8570075757575757,0.852651515151515,0
Caduceus + Comprimento (Média → Projeção → MLP),0.00022678675565346984,46.6,0.8579545454545454,0.8537878787878789,0
4-mers + Comprimento (Média → Projeção → MLP),0.001912132938766219,29.04,0.8702651515151516,0.8657196969696971,0
Cobertura DELFI 5 Mb (MLP),0.0,7.28,0.8607954545454546,0.859090909090909,0
