Braco,AUROC,DP_entre_sementes,AUROC_ensemble,Ganho_do_ensemble,Concordancia_entre_replicas
Caduceus + Comprimento (Média → Projeção → MLP),0.8567207839330481,0.009130190171608684,0.8649841745793772,0.008263390646329083,0.9247262421046724
Caduceus + Comprimento (Média → MLP),0.8542148417620116,0.00766183743871241,0.8572519295907602,0.0030370878287486747,0.9586439440975016
4-mers + Comprimento (Média → Projeção → MLP),0.8435070825401014,0.004276291295963044,0.851435393414404,0.007928310874302569,0.8384626786253266
Caduceus + Comprimento (Média → Logística),0.834231259306731,0.007392376477377434,0.8419401410405908,0.0077088817338597515,0.9372544067682602
Caduceus (Média → Logística),0.8296297570354174,0.007695807908446006,0.8372341606974292,0.0076044036620117605,0.9353408757338931
Cobertura DELFI 5 Mb (MLP),0.8194008585753869,0.018028149987696362,0.829140985063024,0.009740126487637113,0.7898937045508905
Histograma de Comprimentos (Logística),0.8020523485948015,0.01077549065593178,0.8077905491698596,0.005738200575058139,0.9347845722892256
"Caduceus + Comprimento (Média → Logística, escala de fragmento)",0.7747510225623433,0.002065631398143213,0.7764451107779444,0.0016940882156011305,0.9723043600092618
Cobertura DELFI 5 Mb (Logística),0.773548677737357,0.016365170732844936,0.795588316952635,0.022039639215277962,0.8159181364104894
Somente Comprimento (Atenção MIL) [controle nulo],0.7355557791265339,0.0016903093289882636,0.7353823088455773,-0.00017347028095660022,0.6149034515678655
4-mers + Comprimento (Projeção → Atenção MIL),0.7294402060203946,0.033050533935375104,0.6619051585318453,-0.06753504748854933,0.19690940688373523
4-mers + Comprimento (Projeção → Média → MLP),0.726101525832658,0.034089093109165046,0.7701288244766505,0.044027298643992574,0.24373777230124688
Caduceus + Comprimento (Projeção → Atenção MIL),0.7246294083275215,0.03283188094650448,0.6866150258204231,-0.03801438250709843,0.17825832589555698
Composição de 4-mers (Média → Logística),0.7135701892447176,0.01209921288054634,0.7395607751679716,0.025990585923253984,0.7392776904867367
Caduceus + Comprimento (Projeção → Média → MLP),0.7006694955987409,0.029094352195116392,0.736034760397579,0.03536526479883806,0.19487114567962668
Caduceus — Resíduo após 4-mers e Ocupação (Logística),0.6035183872731043,0.02529890450256846,0.6203981342662002,0.016879746993095912,0.658182514769303
