Braco,AUROC_externa,DP_sementes,IC_inf,IC_sup,AUROC_interna,Variacao
"Cobertura DELFI-like, promotora, todos os fragmentos (MLP)",0.8753472222222222,0.002276888376493772,0.8090459466903975,0.9288534328265972,0.8134756187209018,0.06187160350132037
"Cobertura DELFI-like, painel inteiro (MLP)",0.8628472222222221,0.011480933099956622,0.7923818689613527,0.9221143892339544,0.8194008585753869,0.043446363646835184
"Cobertura DELFI-like, promotora, todos os fragmentos (Logística)",0.8371527777777779,0.018646835530691065,0.7553875612745098,0.9053478205355954,0.7747471349405312,0.0624056428372467
"Cobertura DELFI-like, painel inteiro (Logística)",0.8197916666666667,0.02040739349120658,0.7402765804597702,0.8866123188405797,0.773548677737357,0.04624298892930967
Composição de 4-mers (Média → Logística),0.5805555555555555,0.016807851082892487,0.4652173913043478,0.692629179331307,0.7135701892447176,-0.1330146336891621
4-mers + Comprimento (Média → Projeção → MLP),0.5517361111111111,0.015971089935710978,0.4528327250737715,0.6537447618600869,0.8435070825401014,-0.29177097142899033
"Cobertura DELFI-like, promotora, os mesmos 5.000 (Logística)",0.5458333333333333,0.02316703511897247,0.4320949519453211,0.6578009939055197,0.5837869112020055,-0.03795357786867226
"Cobertura DELFI-like, promotora, os mesmos 5.000 (MLP)",0.5454861111111111,0.014480873533819298,0.4347521136047128,0.6507124132169504,0.5986006681997248,-0.05311455708861368
Caduceus + Comprimento (Média → Projeção → MLP),0.4975694444444444,0.02107698951185193,0.39454236239950524,0.6007076513314559,0.8567207839330481,-0.35915133948860367
Caduceus + Comprimento (Média → MLP),0.49374999999999997,0.010641667210475936,0.3929793233082707,0.5940203400603845,0.8542148417620116,-0.3604648417620116
Caduceus (Média → Logística),0.4746527777777778,0.009069747527690629,0.37174132799671594,0.584908280641589,0.8296297570354174,-0.3549769792576396
Caduceus + Comprimento (Média → Logística),0.4701388888888889,0.007483424327170958,0.3674002131881121,0.575668947288048,0.834231259306731,-0.36409237041784215
Histograma de Comprimentos (Logística),0.4600694444444445,0.007961919882156325,0.351543548578003,0.5664284806910567,0.8020523485948015,-0.341982904150357
4-mers + Comprimento (Projeção → Média → MLP),0.4253472222222222,0.01932378236305755,0.3260416666666667,0.5182758092239826,0.726101525832658,-0.30075430361043576
"Caduceus + Comprimento (Média → Logística, escala de fragmento)",0.4190972222222222,0.0038944652480027925,0.318740976443769,0.5170596222233458,0.7747510225623433,-0.3556538003401211
4-mers + Comprimento (Projeção → Atenção MIL),0.4121527777777777,0.03424639241611471,0.31306401670919815,0.5094044930625812,0.7294402060203946,-0.3172874282426169
Caduceus — Resíduo após 4-mers e Ocupação (Logística),0.4034722222222222,0.018397208276707204,0.3069231996935649,0.5100346902083717,0.6035183872731043,-0.20004616505088207
Perfil de End-Motif (Logística),0.375,0.010796322104663914,0.2687140886335192,0.48043478260869565,0.7977645986089382,-0.4227645986089382
Caduceus + Comprimento (Projeção → Média → MLP),0.3746527777777777,0.028901948503774158,0.27769676959561146,0.46941577767470616,0.7006694955987409,-0.3260167178209632
Caduceus + Comprimento (Projeção → Atenção MIL),0.36701388888888886,0.032224953488171455,0.2684547055215938,0.4628602694084851,0.7246294083275215,-0.3576155194386327
Somente Comprimento (Atenção MIL) [canal único],0.3368055555555556,0.002024636074599082,0.24090796007398174,0.4269051535087719,0.7355557791265339,-0.39875022357097833
