sample_id,cortes_usados,diversidade
EE87786,10000,0.9374294
EE87787,10000,0.9400806
EE87788,10000,0.9405552
EE87789,10000,0.9404173
EE87790,10000,0.9404424
EE87791,10000,0.9438499
EE87792,10000,0.942527
EE87793,10000,0.9458475
EE87794,10000,0.9398264
EE87795,10000,0.9402761
EE87796,10000,0.9454872
EE87797,10000,0.94590175
EE87798,10000,0.94503933
EE87799,10000,0.94919133
EE87800,10000,0.9445324
EE87801,10000,0.947001
EE87802,10000,0.94162667
EE87803,10000,0.9405128
EE87804,10000,0.94056195
EE87805,10000,0.9420761
EE87806,10000,0.94657236
EE87807,10000,0.9383123
EE87809,10000,0.9422164
EE87810,10000,0.94334334
EE87811,10000,0.9426056
EE87812,10000,0.931568
EE87813,10000,0.935612
EE87814,10000,0.93468815
EE87815,10000,0.938557
EE87816,10000,0.9368403
EE87817,10000,0.9380506
EE87818,10000,0.93753797
EE87819,10000,0.94228315
EE87820,10000,0.9384975
EE87821,10000,0.9454912
EE87822,10000,0.93884695
EE87823,10000,0.94138867
EE87824,10000,0.93403375
EE87825,10000,0.940221
EE87826,10000,0.9321752
EE87827,10000,0.93112296
EE87828,10000,0.93248016
EE87829,10000,0.93739307
EE87830,10000,0.93708616
EE87831,10000,0.93569434
EE87832,10000,0.94156814
EE87833,10000,0.9418871
EE87834,10000,0.9399084
EE87835,10000,0.9506078
EE87836,10000,0.94139445
EE87837,10000,0.9460982
EE87838,10000,0.94020903
EE87839,10000,0.9345353
EE87840,10000,0.9394822
EE87841,10000,0.9380943
EE87842,10000,0.94046646
EE87843,10000,0.9395991
EE87844,10000,0.9416834
EE87845,10000,0.94086206
EE87846,10000,0.9437262
EE87847,10000,0.9478816
EE87848,10000,0.940554
EE87849,10000,0.9411835
EE87850,10000,0.93452424
EE87851,10000,0.93558466
EE87852,10000,0.932561
EE87853,10000,0.93437093
EE87854,10000,0.9320605
EE87855,10000,0.9422243
EE87856,10000,0.94296247
EE87857,10000,0.94321364
EE87858,10000,0.950749
EE87859,10000,0.95799583
EE87860,10000,0.9473854
EE87861,10000,0.9467151
EE87862,10000,0.942608
EE87863,10000,0.940399
EE87864,10000,0.94465953
EE87865,10000,0.9395694
EE87866,10000,0.93199015
EE87867,10000,0.93792427
EE87868,10000,0.9271439
EE87869,10000,0.94117457
EE87870,10000,0.9423984
EE87871,10000,0.94266135
EE87872,10000,0.9390799
EE87873,10000,0.9379855
EE87874,10000,0.9358123
EE87875,10000,0.93683386
EE87876,10000,0.9393262
EE87877,10000,0.9375493
EE87878,10000,0.94016516
EE87879,10000,0.9407826
EE87880,10000,0.93028986
EE87881,10000,0.9356429
EE87882,10000,0.9355888
EE87883,10000,0.9349318
EE87884,10000,0.9404361
EE87885,10000,0.93169606
EE87886,10000,0.93674016
EE87887,10000,0.9507554
EE87888,10000,0.94499755
EE87889,10000,0.9492333
EE87890,10000,0.9372648
EE87891,10000,0.9538118
EE87892,10000,0.9448661
EE87893,10000,0.94102097
EE87894,10000,0.94354516
EE87895,10000,0.9345152
EE87896,10000,0.935263
EE87897,10000,0.94246304
EE87898,10000,0.93438065
EE87899,10000,0.9375939
EE87900,10000,0.93277436
EE87901,10000,0.93757
EE87902,10000,0.94238305
EE87903,10000,0.93180835
EE87904,10000,0.9329668
EE87905,10000,0.9436707
EE87906,10000,0.9432903
EE87907,10000,0.9404668
EE87908,10000,0.94032073
EE87909,10000,0.93973213
EE87910,10000,0.93821436
EE87911,10000,0.9388713
EE87912,10000,0.93347746
EE87913,10000,0.9339064
EE87914,10000,0.94181645
EE87915,10000,0.9386526
EE87916,10000,0.9378301
EE87917,10000,0.93655354
EE87918,10000,0.93473774
EE87919,10000,0.9438768
EE87920,10000,0.91635555
EE87921,10000,0.91636705
EE87922,10000,0.9313715
EE87923,10000,0.92987406
EE87924,10000,0.9316791
EE87925,10000,0.9314803
EE87926,10000,0.92965215
EE87927,10000,0.9280138
EE87928,10000,0.93547547
EE87929,10000,0.9309947
EE87931,10000,0.93342876
EE87932,10000,0.93370914
EE87933,10000,0.93004924
EE87934,10000,0.93290585
EE87935,10000,0.937927
EE87936,10000,0.93327385
EE87937,10000,0.9306795
EE87938,10000,0.93167645
EE87939,10000,0.9340381
EE87940,10000,0.93840796
EE87941,10000,0.9424493
EE87942,10000,0.93839306
EE87943,10000,0.9426897
EE87944,10000,0.94000334
EE87945,10000,0.93795234
EE87946,10000,0.93555963
EE87947,10000,0.93360716
EE87948,10000,0.93422663
EE87949,10000,0.93695956
EE87950,10000,0.93395245
EE87951,10000,0.940892
EE87952,10000,0.9415453
EE87953,10000,0.93931746
EE87954,10000,0.93982
EE87955,10000,0.93839616
EE87956,10000,0.937748
EE87957,10000,0.94191104
EE87958,10000,0.9397328
EE87959,10000,0.9395595
EE87960,10000,0.93732214
EE87961,10000,0.9348329
EE87962,10000,0.94110006
EE87963,10000,0.9402486
EE87964,10000,0.94267887
EE87965,10000,0.9337057
EE87966,10000,0.9379105
EE87967,10000,0.94392216
EE87968,10000,0.94039685
EE87969,10000,0.936639
EE87970,10000,0.9368344
EE87971,10000,0.9423918
EE87972,10000,0.9386365
EE87973,10000,0.9376186
EE87974,10000,0.93573385
EE87975,10000,0.9369605
EE87976,10000,0.9439199
EE87977,10000,0.9359031
EE87978,10000,0.93586254
EE87979,10000,0.93467635
EE87980,10000,0.938266
EE87981,10000,0.94326895
EE87983,10000,0.9421884
EE87984,10000,0.9426128
EE87985,10000,0.9381456
EE87986,10000,0.93678135
EE87987,10000,0.9359465
EE87988,10000,0.94063383
EE87989,10000,0.9360567
EE87990,10000,0.9370675
EE87991,10000,0.93647414
EE87992,9999,0.93755895
EE87993,10000,0.9438657
EE87994,10000,0.93913895
EE87995,10000,0.9334616
EE87996,10000,0.9397169
EE87997,10000,0.93789214
EE87998,10000,0.93691295
EE87999,10000,0.9351777
EE88000,10000,0.93754184
EE88001,10000,0.93952256
EE88002,10000,0.9388122
EE88003,10000,0.9368043
EE88004,10000,0.93643004
EE88005,10000,0.93749684
EE88006,10000,0.93243635
EE88007,10000,0.93594146
EE88008,10000,0.9342745
EE88009,10000,0.93385994
EE88010,10000,0.9348853
EE88011,10000,0.93901813
EE88012,10000,0.93862164
EE88013,10000,0.93481237
EE88014,10000,0.9385766
EE88015,10000,0.9354347
EE88016,10000,0.94004977
EE88017,10000,0.9394853
EE88018,10000,0.9430839
EE88019,10000,0.9373435
EE88020,10000,0.94092536
EE88021,10000,0.9378944
EE88022,10000,0.9349001
EE88023,10000,0.9370695
EE88024,10000,0.9357808
EE88025,10000,0.9381036
EE88026,10000,0.93937474
EE88027,10000,0.9367538
EE88028,10000,0.9418521
EE88029,10000,0.9403404
EE88030,10000,0.9361112
EE88031,10000,0.93947
EE88032,10000,0.9396783
EE88033,10000,0.9389608
EE88034,10000,0.93750924
EE88035,10000,0.93957967
EE88036,10000,0.9416295
EE88037,10000,0.94623756
EE88038,10000,0.9417451
EE88039,10000,0.93808126
EE88040,10000,0.93390614
EE88041,10000,0.93639326
EE88042,10000,0.9421426
EE88043,10000,0.9409252
EE88044,10000,0.9375405
EE88045,10000,0.9381345
EE88046,10000,0.9353282
EE88047,10000,0.93716204
EE88048,10000,0.9406535
EE88049,10000,0.93824625
EE88050,10000,0.9367546
EE88051,10000,0.9353706
EE88052,10000,0.93785805
EE88053,10000,0.93828005
EE88054,10000,0.939154
EE88055,10000,0.9457118
EE88056,10000,0.9354539
EE88057,10000,0.9350553
EE88058,10000,0.9359473
EE88059,10000,0.93976927
EE88060,10000,0.93699896
EE88061,10000,0.93142104
EE88062,10000,0.93942744
EE88063,10000,0.9344798
EE88064,10000,0.9362818
EE88065,10000,0.93903404
EE88066,10000,0.9377115
EE88067,10000,0.939143
EE88068,10000,0.94067955
EE88069,10000,0.9442418
EE88070,10000,0.93958926
EE88071,10000,0.94456327
EE88072,10000,0.93942565
EE88073,10000,0.9421526
EE88074,10000,0.94339365
EE88075,10000,0.94382185
EE88076,10000,0.92817056
EE88077,10000,0.94476247
EE88078,10000,0.93775845
EE88079,10000,0.9411932
EE88080,10000,0.93955845
EE88081,10000,0.9433716
EE88082,10000,0.94289815
EE88083,10000,0.9437503
EE88084,10000,0.9444972
EE88085,10000,0.9458062
EE88086,10000,0.94449234
EE88087,10000,0.93127954
EE88088,10000,0.93948686
EE88089,10000,0.9426056
EE88090,10000,0.9402071
EE88091,10000,0.93937993
EE88092,10000,0.9408794
EE88093,10000,0.9378754
EE88094,10000,0.93748456
EE88095,10000,0.93785375
EE88096,10000,0.93826383
EE88097,10000,0.93105936
EE88098,10000,0.93646806
EE88099,10000,0.9427008
EE88100,10000,0.9390504
EE88101,10000,0.93696684
EE88102,10000,0.9385782
EE88103,10000,0.93600214
EE88104,10000,0.93409985
EE88105,10000,0.9391201
EE88106,10000,0.9387914
EE88107,10000,0.9308897
EE88108,10000,0.93721324
EE88109,10000,0.9379876
EE88110,10000,0.9380362
EE88111,10000,0.9363637
EE88112,10000,0.9389763
EE88113,10000,0.93848413
EE88114,10000,0.93906283
EE88115,10000,0.9422583
EE88116,10000,0.941689
EE88117,10000,0.93885946
EE88118,10000,0.9349219
EE88119,10000,0.94013304
EE88120,10000,0.938899
EE88121,10000,0.93787056
EE88122,10000,0.94061166
EE88123,10000,0.9433406
EE88124,10000,0.9395021
EE88125,10000,0.93783695
EE88126,10000,0.93736565
EE88127,10000,0.94329536
EE88128,10000,0.93877953
EE88129,10000,0.93985397
EE88130,10000,0.93333197
EE88131,10000,0.93717253
EE88132,10000,0.92927414
EE88133,10000,0.93569165
EE88134,10000,0.9313922
EE88135,10000,0.93287456
EE88136,10000,0.93959403
EE88137,10000,0.9402716
EE88138,10000,0.93808985
EE88139,10000,0.9353253
EE88140,10000,0.9365323
EE88141,10000,0.93672776
EE88142,10000,0.93472046
EE88143,10000,0.93708193
EE88144,10000,0.9342978
EE88145,10000,0.93824327
EE88146,10000,0.9319093
EE88147,10000,0.9322473
EE88148,10000,0.93776345
EE88149,10000,0.9365771
EE88150,10000,0.9362375
EE88151,10000,0.9387013
EE88152,10000,0.93798566
EE88153,10000,0.9361382
EE88154,10000,0.93165463
EE88155,10000,0.9357263
EE88156,10000,0.9394692
EE88157,10000,0.93261576
EE88158,10000,0.93370104
EE88159,10000,0.93343
EE88160,10000,0.93271077
EE88161,10000,0.9319525
EE88162,10000,0.94191766
EE88163,10000,0.94413507
EE88164,10000,0.93503857
EE88165,10000,0.9324695
EE88166,10000,0.9425007
EE88167,10000,0.9318653
EE88168,10000,0.93660575
EE88169,10000,0.93986887
EE88170,10000,0.93481207
EE88171,10000,0.93499744
EE88172,10000,0.94529647
EE88173,10000,0.94194597
EE88174,10000,0.9394911
EE88175,10000,0.9380594
EE88176,10000,0.94216603
EE88177,10000,0.93708944
EE88178,10000,0.94057673
EE88179,10000,0.9385947
EE88180,10000,0.94176966
EE88181,10000,0.93970495
EE88182,10000,0.9376507
EE88183,10000,0.9435362
EE88184,10000,0.94242865
EE88185,10000,0.9420617
EE88186,10000,0.9412805
EE88187,10000,0.94096684
EE88188,10000,0.9444589
EE88189,10000,0.9442336
EE88190,10000,0.9389903
EE88191,10000,0.93805975
EE88192,10000,0.93701994
EE88193,10000,0.9395763
EE88194,10000,0.9435921
EE88195,10000,0.9479761
EE88196,10000,0.94498235
EE88197,10000,0.95040035
EE88198,10000,0.94596976
EE88199,10000,0.94026977
EE88200,10000,0.94006026
EE88201,10000,0.9429446
EE88202,10000,0.93882906
EE88203,10000,0.94328785
EE88204,10000,0.9458652
EE88205,10000,0.94408727
EE88206,10000,0.9474237
EE88207,10000,0.9376874
EE88208,10000,0.9391234
EE88209,10000,0.9474536
EE88210,10000,0.93761563
EE88211,10000,0.9399965
EE88212,10000,0.9408712
EE88213,10000,0.9381516
EE88214,10000,0.9387195
EE88215,10000,0.938355
EE88216,10000,0.9387273
EE88217,10000,0.9425418
EE88218,10000,0.9434143
EE88219,10000,0.9441277
EE88220,10000,0.9315712
EE88221,10000,0.9398076
EE88222,10000,0.94028115
EE88223,10000,0.93697697
EE88224,10000,0.9371644
EE88225,10000,0.9391565
EE88226,10000,0.94025666
EE88227,10000,0.93759173
EE88228,10000,0.93786824
EE88229,10000,0.9345147
EE88230,10000,0.93709755
EE88231,10000,0.94112426
EE88232,10000,0.93664986
EE88233,10000,0.9373457
EE88234,10000,0.9387281
EE88235,10000,0.9352709
EE88236,10000,0.93818206
EE88237,10000,0.94583374
EE88238,10000,0.94292337
EE88239,10000,0.9401972
EE88240,10000,0.9383721
EE88241,10000,0.9389838
EE88242,10000,0.9409322
EE88243,10000,0.93998766
EE88244,10000,0.93504715
EE88245,10000,0.9359485
EE88246,10000,0.9350819
EE88247,10000,0.93849915
EE88248,10000,0.93907005
EE88249,10000,0.93746126
EE88250,10000,0.94178903
EE88251,10000,0.9413889
EE88252,10000,0.9412076
EE88253,10000,0.93890667
EE88254,10000,0.94293356
EE88255,10000,0.93738747
EE88256,10000,0.93953174
EE88257,10000,0.9406579
EE88258,10000,0.9424263
EE88259,10000,0.94056416
EE88260,10000,0.943634
EE88261,10000,0.9378651
EE88262,10000,0.93930095
EE88263,10000,0.9411255
EE88264,10000,0.93612367
EE88265,10000,0.9421148
EE88266,10000,0.9432874
EE88267,10000,0.94340783
EE88268,10000,0.9381974
EE88269,10000,0.93144274
EE88270,10000,0.9429181
EE88271,10000,0.9348976
EE88272,10000,0.9427203
EE88273,10000,0.93891174
EE88274,10000,0.9441349
EE88275,10000,0.94219387
EE88276,10000,0.93522954
EE88277,10000,0.93798554
EE88278,10000,0.9369656
EE88279,10000,0.9417209
EE88280,10000,0.92961437
EE88281,10000,0.9398454
EE88282,10000,0.9409811
EE88283,10000,0.9352399
EE88284,10000,0.94156927
EE88285,10000,0.94064313
EE88286,10000,0.9392182
EE88287,10000,0.9380036
EE88288,10000,0.940936
EE88289,10000,0.9434631
EE88290,10000,0.940337
EE88291,10000,0.9356171
EE88292,10000,0.9368224
EE88293,10000,0.934514
EE88294,10000,0.93025935
EE88295,10000,0.9328733
EE88296,10000,0.9446583
EE88297,10000,0.94293815
EE88298,10000,0.94107074
EE88299,10000,0.94513667
EE88300,10000,0.9404349
EE88301,10000,0.9351307
EE88302,10000,0.93802106
EE88303,10000,0.93611294
EE88304,10000,0.93942195
EE88305,10000,0.93024313
EE88306,10000,0.9322868
EE88307,10000,0.9344334
EE88308,10000,0.9361031
EE88309,10000,0.9395894
EE88310,10000,0.94232684
EE88311,10000,0.94242764
EE88312,10000,0.9413916
EE88313,10000,0.9414166
EE88314,10000,0.9403176
EE88315,10000,0.93688434
EE88316,10000,0.938069
EE88317,10000,0.9391105
EE88318,10000,0.94257617
EE88319,10000,0.93902874
EE88320,10000,0.9416432
EE88321,10000,0.9365124
EE88322,10000,0.94370544
EE88323,10000,0.94258755
EE88324,10000,0.93414235
EE88325,10000,0.9427738
EE85754,10000,0.9521841
EE85755,10000,0.94771504
EE85756,10000,0.9478896
EE85757,10000,0.9505309
EE85758,10000,0.95541316
EE85759,10000,0.9481782
EE85760,10000,0.95115954
EE85761,10000,0.9422401
EE85762,10000,0.94999534
EE85763,10000,0.94903594
EE85764,10000,0.9493459
EE85765,10000,0.94649583
EE85766,10000,0.9491057
EE85767,10000,0.9509748
EE85768,10000,0.9494677
EE85769,10000,0.94825506
EE85770,10000,0.9488787
EE85771,10000,0.94761074
EE85772,10000,0.9464109
EE85773,10000,0.9461613
EE85774,10000,0.9486133
EE85775,10000,0.9467496
EE85776,10000,0.9519459
EE85777,10000,0.9504042
EE85779,10000,0.949083
EE85780,10000,0.9510969
EE85781,10000,0.9434471
EE85783,10000,0.95127696
EE85784,10000,0.9486219
EE85785,10000,0.9483811
EE85786,10000,0.9425447
EE85787,10000,0.9481399
EE85788,10000,0.94734186
EE85789,10000,0.94793963
EE85790,10000,0.94803166
EE85791,10000,0.94950676
EE85792,10000,0.94799244
EE85793,10000,0.94944775
EE85794,10000,0.9498315
EE85795,10000,0.94919187
EE85796,10000,0.95073074
EE85797,10000,0.9531213
EE85798,10000,0.94312215
EE85799,10000,0.9460002
EE85800,10000,0.9515271
EE85802,10000,0.94894457
EE85805,10000,0.944443
EE85806,10000,0.94894594
EE85807,10000,0.9586211
EE85808,10000,0.94412524
EE85809,10000,0.9471692
EE85810,10000,0.95217925
EE85811,10000,0.95128745
EE85812,10000,0.9514709
EE85813,10000,0.94555527
EE85814,10000,0.94984937
EE85815,10000,0.9522467
EE85816,10000,0.9503912
EE85817,10000,0.9466042
EE85818,10000,0.9508482
EE85821,10000,0.9470391
EE85822,10000,0.954151
EE85823,10000,0.9494715
EE85825,10000,0.94818926
EE85826,10000,0.94822925
EE85827,10000,0.9501447
EE85828,10000,0.94756854
EE85829,10000,0.9485249
EE85830,10000,0.94783807
EE85831,10000,0.9512044
EE85832,10000,0.9403318
EE85833,10000,0.94820005
EE85834,10000,0.9495592
EE85835,10000,0.9465859
EE85836,10000,0.94471943
EE85837,10000,0.94760066
EE85838,10000,0.9481629
EE85839,10000,0.94310176
EE85840,10000,0.9474017
EE85841,10000,0.9496466
EE85842,10000,0.9470467
EE85843,10000,0.95132804
EE85844,10000,0.9510322
EE85845,10000,0.9479522
EE85846,10000,0.95410335
EE85847,10000,0.94225496
EE85848,10000,0.9475728
EE85849,10000,0.94918025
EE85851,10000,0.95572907
EE85853,10000,0.9512115
EE85854,10000,0.9491035
EE85855,10000,0.9511177
EE85856,10000,0.951525
EE85857,10000,0.95099527
EE85858,10000,0.9437651
EE85859,10000,0.9484377
EE85860,10000,0.9504576
EE85861,10000,0.9501336
EE85862,10000,0.94623154
EE85863,10000,0.94210094
EE85864,10000,0.9455558
EE85865,10000,0.94925535
EE85866,10000,0.951219
EE85867,10000,0.9505784
EE85868,10000,0.9513338
EE85869,10000,0.94614327
EE85870,10000,0.9420585
EE85871,10000,0.9480107
EE85872,10000,0.94377774
EE85873,10000,0.952981
EE85874,10000,0.9484519
EE85875,10000,0.94868475
EE85876,10000,0.94769526
EE85877,10000,0.94712293
EE85878,10000,0.946702
EE85879,10000,0.9480129
EE85880,10000,0.94138503
EE85881,10000,0.953292
EE85882,10000,0.9456741
EE85883,10000,0.9532448
EE85884,10000,0.9476923
EE85885,10000,0.9458946
EE85886,10000,0.94700027
EE85887,10000,0.94491655
EE85888,10000,0.9493558
EE85890,10000,0.9509634
EE85891,10000,0.9499623
EE85892,10000,0.94935
EE85893,10000,0.95239866
EE85895,10000,0.9446005
EE85896,10000,0.9467549
EE85897,10000,0.9528136
EE85898,10000,0.94693303
EE85899,10000,0.95035714
EE85900,10000,0.9438155
EE85901,10000,0.95992815
EE85902,10000,0.9487398
EE85903,10000,0.9470601
EE85904,10000,0.94625664
EE85905,10000,0.95024586
EE85906,10000,0.95149374
EE85907,10000,0.9490793
EE85908,10000,0.9469853
EE85911,10000,0.93905354
EE85912,10000,0.95122063
EE85913,10000,0.94807523
EE85915,10000,0.9472135
EE85916,10000,0.9503976
EE85917,10000,0.9507905
EE85918,10000,0.94994384
EE85919,10000,0.9515121
EE85920,10000,0.94940925
EE85921,10000,0.9501422
EE85922,10000,0.9484881
EE85923,10000,0.95178854
EE85924,10000,0.9528525
EE85925,10000,0.9376829
EE85926,10000,0.9525124
EE85927,10000,0.94719666
EE85928,10000,0.9507837
EE85930,10000,0.9473726
EE85931,10000,0.9461931
EE85932,10000,0.94879305
EE85933,10000,0.9490287
EE85935,10000,0.95046574
EE85936,10000,0.94857377
EE85937,10000,0.9509153
EE85938,10000,0.95207095
EE85939,10000,0.9437443
EE85940,10000,0.9532305
EE85941,10000,0.9513547
EE85942,10000,0.9493772
EE85943,10000,0.94948673
EE85944,10000,0.9477998
EE85945,10000,0.9518705
EE85946,10000,0.94746345
EE85947,10000,0.9499209
EE85948,10000,0.9462615
EE85949,10000,0.9477339
EE85950,10000,0.946974
EE85951,10000,0.948506
EE85952,10000,0.94675523
EE85953,10000,0.95164305
EE85955,10000,0.94918853
EE85956,10000,0.94940203
EE85957,10000,0.94538105
EE85959,10000,0.94736135
EE85960,10000,0.9467609
EE85961,10000,0.95002097
EE85962,10000,0.94490993
EE85963,10000,0.9467106
EE85964,10000,0.94461375
EE85965,10000,0.9482021
EE85966,10000,0.950202
EE85967,10000,0.95086575
EE85968,10000,0.9436265
EE85969,10000,0.9436585
EE85970,10000,0.94841534
EE85971,10000,0.9478316
EE85972,10000,0.9480115
EE85973,9999,0.9465134
EE85974,10000,0.9441598
EE85975,10000,0.9461499
EE85978,10000,0.9450957
EE85980,10000,0.9502602
EE85981,10000,0.94488174
EE85982,10000,0.94613934
EE85983,10000,0.9468213
EE85984,10000,0.94650006
EE85985,10000,0.94759786
EE85986,10000,0.95004094
EE85987,10000,0.9516369
EE85988,10000,0.94728184
EE85989,10000,0.9485684
EE85990,10000,0.94939584
EE85991,10000,0.9443896
EE85992,10000,0.94914407
EE85994,10000,0.94937503
EE85996,10000,0.9486971
EE85997,10000,0.95116156
EE85998,10000,0.94927907
EE85999,10000,0.9491393
EE86000,10000,0.946533
EE86001,10000,0.9485624
EE86002,10000,0.9430863
